EmailId,Password
abce57fd954@yopmail.com,Password1
abc3153dc98@yopmail.com,Password1
abce3f18bca@yopmail.com,Password1
abcb1796cc6@yopmail.com,Password1
abc49eb2f52@yopmail.com,Password1
abc01ff3a58@yopmail.com,Password1
abc65638ae0@yopmail.com,Password1
abc61e8a4ac@yopmail.com,Password1
abc8a82d0e5@yopmail.com,Password1
abc691408b0@yopmail.com,Password1
abc0ed155ab@yopmail.com,Password1
abc8143ce0c@yopmail.com,Password1
abc049f35e4@yopmail.com,Password1
abc9c5a0402@yopmail.com,Password1
abc5e0784cf@yopmail.com,Password1
abc001d784b@yopmail.com,Password1
abc0870a047@yopmail.com,Password1
abc32142314@yopmail.com,Password1
abc398cf047@yopmail.com,Password1
abcae02645e@yopmail.com,Password1
abcd1e2dcbd@yopmail.com,Password1
abc8d00437a@yopmail.com,Password1
abc87b0c5fe@yopmail.com,Password1
abc4dcfec04@yopmail.com,Password1
abcca32a1de@yopmail.com,Password1
abcdbb9727a@yopmail.com,Password1
abcd704f867@yopmail.com,Password1
abc2b098ab8@yopmail.com,Password1
abc20a6a5c9@yopmail.com,Password1
abca180a28f@yopmail.com,Password1
abc822c3614@yopmail.com,Password1
abc2f0e5dba@yopmail.com,Password1
abc8e4046e9@yopmail.com,Password1
abce11ecdf5@yopmail.com,Password1
abc9e5c49d2@yopmail.com,Password1
abc3797a518@yopmail.com,Password1
abc14a72fc9@yopmail.com,Password1
abca19dad73@yopmail.com,Password1
abc2d7c8b15@yopmail.com,Password1
abc90052e57@yopmail.com,Password12
abc7ee0af1b@yopmail.com,Password13
abc47a117a6@yopmail.com,Password1
abc6c731d41@yopmail.com,Password1
abca33c4c6f@yopmail.com,Password13
abcf5b3767d@yopmail.com,Password1
abc72141de0@yopmail.com,Password1
abcb365b861@yopmail.com,Password1
abcf641e10d@yopmail.com,Password1
abc971e62eb@yopmail.com,Password2
abc3423600f@yopmail.com,Password1
abc195a9b29@yopmail.com,Password14
abc91437226@yopmail.com,Password1
abcee55da80@yopmail.com,Password1
abcf86da6ad@yopmail.com,Password1
abce16e978b@yopmail.com,Password1
abce54ce085@yopmail.com,Password1
abcbf7dd6e2@yopmail.com,Password1
abc55cfdb7f@yopmail.com,Password1
abc15df662f@yopmail.com,Password1
abc31e9488e@yopmail.com,Password1
abca640ab44@yopmail.com,Password1
abc5fd9d948@yopmail.com,Password2
asford@gamil.com,Password1